﻿{
	"Sources/Methods/M_ManageStudents.4dm": {
		"startSelection": 0,
		"endSelection": 0,
		"firstSelectedLine": 0,
		"lastSelectedLine": 0,
		"folding": [],
		"bookmarks": [],
		"stamp": "2020-09-23T13:38:02.359Z"
	},
	"Sources/Methods/Tool_BuildBookPicture.4dm": {
		"startSelection": 14,
		"endSelection": 14,
		"firstSelectedLine": 44,
		"lastSelectedLine": 44,
		"folding": [],
		"bookmarks": [],
		"stamp": "2020-09-23T13:38:02.360Z"
	},
	"Sources/Methods/On_Open.4dm": {
		"startSelection": 17,
		"endSelection": 17,
		"firstSelectedLine": 17,
		"lastSelectedLine": 17,
		"folding": [],
		"bookmarks": [],
		"stamp": "2020-09-23T13:38:43.787Z"
	},
	"Sources/Methods/Tool_ImportSampleData.4dm": {
		"startSelection": 18,
		"endSelection": 18,
		"firstSelectedLine": 16,
		"lastSelectedLine": 16,
		"folding": [],
		"bookmarks": [],
		"stamp": "2020-09-23T13:38:02.361Z"
	},
	"Sources/Methods/BooksReOrder.4dm": {
		"startSelection": 0,
		"endSelection": 0,
		"firstSelectedLine": 8,
		"lastSelectedLine": 8,
		"folding": [],
		"bookmarks": [],
		"stamp": "2020-09-23T13:38:02.361Z"
	},
	"Sources/Methods/StudentsReOrder.4dm": {
		"startSelection": 20,
		"endSelection": 42,
		"firstSelectedLine": 1,
		"lastSelectedLine": 1,
		"folding": [],
		"bookmarks": [],
		"stamp": "2020-09-23T13:38:02.362Z"
	},
	"Sources/Methods/M_Quit.4dm": {
		"startSelection": 0,
		"endSelection": 0,
		"firstSelectedLine": 1,
		"lastSelectedLine": 1,
		"folding": [],
		"bookmarks": [],
		"stamp": "2020-09-23T13:38:02.364Z"
	},
	"Sources/Methods/BuildBookList.4dm": {
		"startSelection": 0,
		"endSelection": 0,
		"firstSelectedLine": 21,
		"lastSelectedLine": 21,
		"folding": [],
		"bookmarks": [],
		"stamp": "2020-09-23T13:38:02.365Z"
	},
	"Sources/Methods/M_ManageBooks.4dm": {
		"startSelection": 0,
		"endSelection": 0,
		"firstSelectedLine": 2,
		"lastSelectedLine": 2,
		"folding": [],
		"bookmarks": [],
		"stamp": "2020-09-23T13:38:02.365Z"
	},
	"Sources/Methods/BooksSetInterface.4dm": {
		"startSelection": 17,
		"endSelection": 17,
		"firstSelectedLine": 63,
		"lastSelectedLine": 63,
		"folding": [],
		"bookmarks": [],
		"stamp": "2020-09-23T13:38:02.366Z"
	},
	"Sources/Methods/BookSetStatus.4dm": {
		"startSelection": 65,
		"endSelection": 65,
		"firstSelectedLine": 31,
		"lastSelectedLine": 31,
		"folding": [],
		"bookmarks": [],
		"stamp": "2020-09-23T13:38:02.366Z"
	},
	"Sources/Methods/P_ManageBooks.4dm": {
		"startSelection": 0,
		"endSelection": 0,
		"firstSelectedLine": 0,
		"lastSelectedLine": 0,
		"folding": [],
		"bookmarks": [],
		"stamp": "2020-09-23T13:38:02.367Z"
	},
	"Sources/Methods/P_ManageStudents.4dm": {
		"startSelection": 0,
		"endSelection": 0,
		"firstSelectedLine": 0,
		"lastSelectedLine": 0,
		"folding": [],
		"bookmarks": [],
		"stamp": "2020-09-23T13:38:02.367Z"
	},
	"Sources/Methods/BookGotoHighLighted.4dm": {
		"startSelection": 79,
		"endSelection": 79,
		"firstSelectedLine": 29,
		"lastSelectedLine": 29,
		"folding": [],
		"bookmarks": [],
		"stamp": "2020-09-23T13:38:02.368Z"
	},
	"Sources/Methods/BooksExitEditMode.4dm": {
		"startSelection": 15,
		"endSelection": 15,
		"firstSelectedLine": 10,
		"lastSelectedLine": 10,
		"folding": [],
		"bookmarks": [],
		"stamp": "2020-09-23T13:38:02.368Z"
	},
	"Sources/Methods/Tool_ExportSampleData.4dm": {
		"startSelection": 0,
		"endSelection": 0,
		"firstSelectedLine": 1,
		"lastSelectedLine": 1,
		"folding": [],
		"bookmarks": [],
		"stamp": "2020-09-23T13:38:02.369Z"
	},
	"Sources/DatabaseMethods/onStartup.4dm": {
		"startSelection": 0,
		"endSelection": 0,
		"firstSelectedLine": 1,
		"lastSelectedLine": 1,
		"folding": [],
		"bookmarks": [],
		"stamp": "2020-09-23T13:38:02.370Z"
	},
	"Sources/Triggers/table_1.4dm": {
		"startSelection": 0,
		"endSelection": 0,
		"firstSelectedLine": 0,
		"lastSelectedLine": 0,
		"folding": [],
		"bookmarks": [],
		"stamp": "2020-09-23T13:38:02.371Z"
	},
	"Sources/Forms/WarningDialog/method.4dm": {
		"startSelection": 7,
		"endSelection": 7,
		"firstSelectedLine": 5,
		"lastSelectedLine": 5,
		"folding": [],
		"bookmarks": [],
		"stamp": "2020-09-23T13:38:02.378Z"
	},
	"Sources/TableForms/1/NewBook/method.4dm": {
		"startSelection": 70,
		"endSelection": 70,
		"firstSelectedLine": 19,
		"lastSelectedLine": 19,
		"folding": [],
		"bookmarks": [],
		"stamp": "2020-09-23T13:38:02.844Z"
	},
	"Sources/TableForms/1/NewBook/ObjectMethods/bValidate.4dm": {
		"startSelection": 37,
		"endSelection": 37,
		"firstSelectedLine": 0,
		"lastSelectedLine": 0,
		"folding": [],
		"bookmarks": [],
		"stamp": "2020-09-23T13:38:02.845Z"
	},
	"Sources/TableForms/1/InputOutput/method.4dm": {
		"startSelection": 9,
		"endSelection": 9,
		"firstSelectedLine": 24,
		"lastSelectedLine": 24,
		"folding": [],
		"bookmarks": [],
		"stamp": "2020-09-23T13:38:02.849Z"
	},
	"Sources/TableForms/1/InputOutput/ObjectMethods/btnAdd.4dm": {
		"startSelection": 0,
		"endSelection": 0,
		"firstSelectedLine": 2,
		"lastSelectedLine": 2,
		"folding": [],
		"bookmarks": [],
		"stamp": "2020-09-23T13:38:02.850Z"
	},
	"Sources/TableForms/1/InputOutput/ObjectMethods/btnDelete.4dm": {
		"startSelection": 15,
		"endSelection": 15,
		"firstSelectedLine": 5,
		"lastSelectedLine": 5,
		"folding": [],
		"bookmarks": [],
		"stamp": "2020-09-23T13:38:02.851Z"
	},
	"Sources/TableForms/1/InputOutput/ObjectMethods/btnShowAll.4dm": {
		"startSelection": 0,
		"endSelection": 0,
		"firstSelectedLine": 2,
		"lastSelectedLine": 2,
		"folding": [],
		"bookmarks": [],
		"stamp": "2020-09-23T13:38:02.852Z"
	},
	"Sources/TableForms/1/InputOutput/ObjectMethods/btnPrint.4dm": {
		"startSelection": 15,
		"endSelection": 15,
		"firstSelectedLine": 5,
		"lastSelectedLine": 5,
		"folding": [],
		"bookmarks": [],
		"stamp": "2020-09-23T13:38:02.853Z"
	},
	"Sources/TableForms/1/InputOutput/ObjectMethods/btnShowSubset.4dm": {
		"startSelection": 0,
		"endSelection": 0,
		"firstSelectedLine": 1,
		"lastSelectedLine": 1,
		"folding": [],
		"bookmarks": [],
		"stamp": "2020-09-23T13:38:02.854Z"
	},
	"Sources/TableForms/1/InputOutput/ObjectMethods/SearchPicker.4dm": {
		"startSelection": 35,
		"endSelection": 42,
		"firstSelectedLine": 57,
		"lastSelectedLine": 57,
		"folding": [],
		"bookmarks": [],
		"stamp": "2020-09-23T13:38:02.855Z"
	},
	"Sources/TableForms/1/InputOutput/ObjectMethods/listBoxBooks.4dm": {
		"startSelection": 0,
		"endSelection": 0,
		"firstSelectedLine": 6,
		"lastSelectedLine": 6,
		"folding": [],
		"bookmarks": [],
		"stamp": "2020-09-23T13:38:02.857Z"
	},
	"Sources/TableForms/1/InputOutput/ObjectMethods/BtnEditSave.4dm": {
		"startSelection": 0,
		"endSelection": 17,
		"firstSelectedLine": 17,
		"lastSelectedLine": 17,
		"folding": [],
		"bookmarks": [],
		"stamp": "2020-09-23T13:38:02.859Z"
	},
	"Sources/TableForms/1/InputOutput/ObjectMethods/BtnCancel.4dm": {
		"startSelection": 35,
		"endSelection": 35,
		"firstSelectedLine": 1,
		"lastSelectedLine": 1,
		"folding": [],
		"bookmarks": [],
		"stamp": "2020-09-23T13:38:02.864Z"
	},
	"Sources/TableForms/1/InputOutput/ObjectMethods/PhotoField.4dm": {
		"startSelection": 7,
		"endSelection": 7,
		"firstSelectedLine": 4,
		"lastSelectedLine": 4,
		"folding": [],
		"bookmarks": [],
		"stamp": "2020-09-23T13:38:02.865Z"
	},
	"Sources/TableForms/2/D_BorrowBook/method.4dm": {
		"startSelection": 0,
		"endSelection": 36,
		"firstSelectedLine": 20,
		"lastSelectedLine": 20,
		"folding": [],
		"bookmarks": [],
		"stamp": "2020-09-23T13:38:02.871Z"
	},
	"Sources/TableForms/2/D_BorrowBook/ObjectMethods/SearchZone.4dm": {
		"startSelection": 43,
		"endSelection": 43,
		"firstSelectedLine": 5,
		"lastSelectedLine": 5,
		"folding": [],
		"bookmarks": [],
		"stamp": "2020-09-23T13:38:02.872Z"
	},
	"Sources/TableForms/2/D_BorrowBook/ObjectMethods/BookList.4dm": {
		"startSelection": 11,
		"endSelection": 11,
		"firstSelectedLine": 18,
		"lastSelectedLine": 18,
		"folding": [],
		"bookmarks": [],
		"stamp": "2020-09-23T13:38:02.873Z"
	},
	"Sources/TableForms/3/Input/method.4dm": {
		"startSelection": 0,
		"endSelection": 0,
		"firstSelectedLine": 11,
		"lastSelectedLine": 11,
		"folding": [],
		"bookmarks": [],
		"stamp": "2020-09-23T13:38:02.876Z"
	},
	"Sources/TableForms/3/Input/ObjectMethods/listBoxLoans.4dm": {
		"startSelection": 41,
		"endSelection": 41,
		"firstSelectedLine": 3,
		"lastSelectedLine": 3,
		"folding": [],
		"bookmarks": [],
		"stamp": "2020-09-23T13:38:02.877Z"
	},
	"Sources/TableForms/3/Input/ObjectMethods/bDeleteLoan.4dm": {
		"startSelection": 42,
		"endSelection": 42,
		"firstSelectedLine": 0,
		"lastSelectedLine": 0,
		"folding": [],
		"bookmarks": [],
		"stamp": "2020-09-23T13:38:02.878Z"
	},
	"Sources/TableForms/3/Input/ObjectMethods/bAddLoan.4dm": {
		"startSelection": 0,
		"endSelection": 0,
		"firstSelectedLine": 22,
		"lastSelectedLine": 22,
		"folding": [],
		"bookmarks": [],
		"stamp": "2020-09-23T13:38:02.878Z"
	},
	"Sources/TableForms/3/Output/method.4dm": {
		"startSelection": 23,
		"endSelection": 23,
		"firstSelectedLine": 60,
		"lastSelectedLine": 60,
		"folding": [],
		"bookmarks": [],
		"stamp": "2020-09-30T09:39:05.384Z"
	},
	"Sources/TableForms/3/Output/ObjectMethods/btnAdd.4dm": {
		"startSelection": 7,
		"endSelection": 7,
		"firstSelectedLine": 12,
		"lastSelectedLine": 12,
		"folding": [],
		"bookmarks": [],
		"stamp": "2020-09-23T13:38:02.882Z"
	},
	"Sources/TableForms/3/Output/ObjectMethods/btnDelete.4dm": {
		"startSelection": 7,
		"endSelection": 0,
		"firstSelectedLine": 23,
		"lastSelectedLine": 0,
		"folding": [],
		"bookmarks": [],
		"stamp": "2020-09-23T13:38:02.883Z"
	},
	"Sources/TableForms/3/Output/ObjectMethods/btnShowAll.4dm": {
		"startSelection": 49,
		"endSelection": 0,
		"firstSelectedLine": 5,
		"lastSelectedLine": 0,
		"folding": [],
		"bookmarks": [],
		"stamp": "2020-09-23T13:38:02.883Z"
	},
	"Sources/TableForms/3/Output/ObjectMethods/btnShowSubset.4dm": {
		"startSelection": 0,
		"endSelection": 0,
		"firstSelectedLine": 6,
		"lastSelectedLine": 0,
		"folding": [],
		"bookmarks": [],
		"stamp": "2020-09-23T13:38:02.883Z"
	},
	"Sources/TableForms/3/Output/ObjectMethods/btnQuery.4dm": {
		"startSelection": 15,
		"endSelection": 0,
		"firstSelectedLine": 1,
		"lastSelectedLine": 0,
		"folding": [],
		"bookmarks": [],
		"stamp": "2020-09-23T13:38:02.884Z"
	},
	"Sources/TableForms/3/Output/ObjectMethods/btnLabels.4dm": {
		"startSelection": 0,
		"endSelection": 0,
		"firstSelectedLine": 18,
		"lastSelectedLine": 0,
		"folding": [],
		"bookmarks": [],
		"stamp": "2020-09-23T13:38:02.884Z"
	},
	"Sources/TableForms/3/Output/ObjectMethods/btnPrint.4dm": {
		"startSelection": 0,
		"endSelection": 0,
		"firstSelectedLine": 18,
		"lastSelectedLine": 0,
		"folding": [],
		"bookmarks": [],
		"stamp": "2020-09-23T13:38:02.885Z"
	},
	"Sources/TableForms/3/Output/ObjectMethods/listBoxStudents.4dm": {
		"startSelection": 0,
		"endSelection": 0,
		"firstSelectedLine": 4,
		"lastSelectedLine": 4,
		"folding": [],
		"bookmarks": [],
		"stamp": "2020-09-30T09:31:05.757Z"
	},
	"Sources/TableForms/3/PrintedList/ObjectMethods/vDate.4dm": {
		"startSelection": 0,
		"endSelection": 0,
		"firstSelectedLine": 0,
		"lastSelectedLine": 0,
		"folding": [],
		"bookmarks": [],
		"stamp": "2020-09-23T13:38:02.887Z"
	},
	"Sources/TableForms/3/PrintedList/ObjectMethods/vPageNum_t.4dm": {
		"startSelection": 45,
		"endSelection": 45,
		"firstSelectedLine": 0,
		"lastSelectedLine": 0,
		"folding": [],
		"bookmarks": [],
		"stamp": "2020-09-23T13:38:02.889Z"
	},
	"Sources/Methods/handleMyButtonClick.4dm": {
		"startSelection": 8,
		"endSelection": 8,
		"firstSelectedLine": 69,
		"lastSelectedLine": 69,
		"folding": [],
		"bookmarks": [],
		"stamp": "2020-09-29T14:53:57.617Z"
	},
	"Sources/TableForms/3/Output/ObjectMethods/Splitter.4dm": {
		"startSelection": 21,
		"endSelection": 21,
		"firstSelectedLine": 0,
		"lastSelectedLine": 0,
		"folding": [],
		"bookmarks": [],
		"stamp": "2020-09-30T09:25:14.614Z"
	},
	"Sources/Classes/Toolbar_Button.4dm": {
		"startSelection": 11,
		"endSelection": 11,
		"firstSelectedLine": 147,
		"lastSelectedLine": 147,
		"folding": [],
		"bookmarks": [],
		"stamp": "2020-09-30T09:34:42.511Z"
	},
	"Sources/Classes/Toolbar.4dm": {
		"startSelection": 17,
		"endSelection": 17,
		"firstSelectedLine": 21,
		"lastSelectedLine": 21,
		"folding": [],
		"bookmarks": [],
		"stamp": "2020-09-30T09:39:37.759Z"
	}
}