﻿{
	"editors": [
		{
			"type": "explorer"
		},
		{
			"type": "method",
			"id": 2147483626,
			"codeDescriptor": {
				"type": 11,
				"className": "Toolbar_Button",
				"methodPath": "/SOURCES/Classes/Toolbar_Button.4dm"
			}
		},
		{
			"type": "method",
			"id": 2147483609,
			"codeDescriptor": {
				"type": 3,
				"table": 3,
				"formName": "Output",
				"methodPath": "/SOURCES/TableForms/3/Output/method.4dm"
			}
		},
		{
			"type": "form",
			"id": 212,
			"table": 3,
			"formName": "Output"
		}
	]
}