﻿{
	"OK": "Accept",
	"Add": "Add a record.",
	"Cancel": "Cancel",
	"Chart": "Print a chart of your data.",
	"Close": "Close the window.",
	"Delete Record": "Delete Record",
	"Delete Selecti": "Delete the current selection.",
	"Find": "Find...",
	"First Record": "First Record",
	"Last Record": "Last Record",
	"Next Record": "Next Record",
	"Order by": "Order by...",
	"Previous Recor": "Go to the previous record.",
	"Print Labels": "Print Labels",
	"Record Number": "Record Position within Selection",
	"Report": "Quick Reports",
	"Show All": "Select All Records",
	"Add Record": "Add a New Record",
	"Delete Selectio": "Delete Highlighted Records",
	"Show Subset": "Select Highlighted Records",
	"Query": "Query",
	"Order By": "Order by",
	"Print Selection": "Print",
	"Graph Table": "Graphs and Charts",
	"Done": "Done",
	"Previous Record": "Previous Record",
	"First Page": "First Page",
	"Last Page": "Last Page",
	"Previous Page": "Previous Page",
	"Next Page": "Next Page"
}