﻿{
	"users": {
		"designer": {
			"alias": "Designer"
		},
		"administrator": {
			"alias": "Administrator"
		}
	},
	"sqlSchemaGranters": {
		"DEFAULT_SCHEMA": {
			"readOnlyAccessGroup": "*",
			"readWriteAccessGroup": "*",
			"allAccessGroup": ""
		}
	},
	"remoteGranters": {
		"write": "*",
		"view": "*"
	},
	"settings": {
		"localGenericWebUser": "Designer",
		"designAccessGroup": "*",
		"localMobileAccessGroupRW": "*",
		"remoteMobileAccessGroupRW": "*",
		"remoteGenericWebUser": "Designer",
		"remoteDefaultUser": ""
	}
}